                  epoch,         train/box_loss,         train/cls_loss,         train/dfl_loss,   metrics/precision(B),      metrics/recall(B),       metrics/mAP50(B),    metrics/mAP50-95(B),           val/box_loss,           val/cls_loss,           val/dfl_loss,                 lr/pg0,                 lr/pg1,                 lr/pg2
                      1,                 1.2399,                 1.9028,                 1.2319,                 0.6388,                0.58274,                0.62295,                0.47761,                0.95113,                0.79831,                0.97864,              1.785e-05,              1.785e-05,              1.785e-05
                      2,                 1.2084,                 1.5603,                 1.2247,                 0.6554,                0.59047,                 0.6327,                0.48463,                0.94683,                0.79007,                0.97856,             2.9586e-05,             2.9586e-05,             2.9586e-05
                      3,                 1.2422,                  1.563,                 1.2157,                0.64848,                0.58249,                0.63328,                0.48488,                0.94829,                0.78711,                0.98371,             3.3782e-05,             3.3782e-05,             3.3782e-05
                      4,                 1.1912,                 1.4667,                 1.2008,                0.72031,                0.54725,                 0.6339,                0.48672,                0.94823,                0.78112,                0.98311,             3.0438e-05,             3.0438e-05,             3.0438e-05
                      5,                 1.1829,                 1.3338,                 1.1827,                0.73427,                0.54858,                0.63626,                0.48781,                0.95137,                0.78083,                0.98639,             1.9554e-05,             1.9554e-05,             1.9554e-05
