                  epoch,         train/box_loss,         train/cls_loss,         train/dfl_loss,   metrics/precision(B),      metrics/recall(B),       metrics/mAP50(B),    metrics/mAP50-95(B),           val/box_loss,           val/cls_loss,           val/dfl_loss,                 lr/pg0,                 lr/pg1,                 lr/pg2
                      1,                0.99135,                 1.7983,                 1.1576,                0.77139,                0.90129,                0.93814,                0.87087,                0.39547,                0.54957,                0.82718,              1.785e-05,              1.785e-05,              1.785e-05
                      2,                0.92906,                 1.3918,                 1.1383,                0.80073,                0.89346,                0.94692,                0.88209,                0.37541,                0.51482,                0.82441,             2.9586e-05,             2.9586e-05,             2.9586e-05
                      3,                0.92948,                  1.421,                 1.1182,                0.85296,                 0.8516,                0.95442,                0.89317,                0.37371,                0.50131,                0.82493,             3.3782e-05,             3.3782e-05,             3.3782e-05
                      4,                0.88006,                 1.3012,                 1.1121,                0.79791,                0.91635,                0.96295,                0.90128,                0.37586,                0.49781,                0.82542,             3.0438e-05,             3.0438e-05,             3.0438e-05
                      5,                0.87181,                 1.1626,                 1.0843,                0.78012,                0.91858,                0.95976,                0.89517,                0.37544,                0.49628,                0.82618,             1.9554e-05,             1.9554e-05,             1.9554e-05
