                  epoch,         train/box_loss,         train/cls_loss,         train/dfl_loss,   metrics/precision(B),      metrics/recall(B),       metrics/mAP50(B),    metrics/mAP50-95(B),           val/box_loss,           val/cls_loss,           val/dfl_loss,                 lr/pg0,                 lr/pg1,                 lr/pg2
                      1,                 1.1626,                 2.5249,                 1.2432,                0.67448,                0.70508,                0.74764,                0.60908,                0.73223,                0.92636,                0.91605,              1.785e-05,              1.785e-05,              1.785e-05
                      2,                 1.1477,                 2.2004,                 1.2466,                0.70004,                0.66144,                0.74743,                0.61218,                0.73134,                0.89292,                0.92124,             2.9586e-05,             2.9586e-05,             2.9586e-05
                      3,                 1.1457,                 2.2146,                 1.2244,                0.69383,                0.68242,                 0.7434,                0.60794,                 0.7393,                0.88648,                0.92541,             3.3782e-05,             3.3782e-05,             3.3782e-05
                      4,                 1.0609,                 1.9675,                 1.2044,                0.69924,                0.68732,                0.74947,                 0.6065,                0.74359,                 0.8827,                0.92739,             3.0438e-05,             3.0438e-05,             3.0438e-05
                      5,                 1.0298,                 1.7988,                 1.1554,                0.69978,                0.68058,                0.75499,                0.60796,                0.74701,                0.88676,                0.93049,             1.9554e-05,             1.9554e-05,             1.9554e-05
