                  epoch,         train/box_loss,         train/cls_loss,         train/dfl_loss,   metrics/precision(B),      metrics/recall(B),       metrics/mAP50(B),    metrics/mAP50-95(B),           val/box_loss,           val/cls_loss,           val/dfl_loss,                 lr/pg0,                 lr/pg1,                 lr/pg2
                      1,                 1.4154,                 2.6613,                 1.3248,                0.65676,                0.46903,                0.51097,                 0.3791,                 1.1332,                  1.132,                 1.0615,              1.785e-05,              1.785e-05,              1.785e-05
                      2,                 1.4056,                 2.3786,                 1.3287,                0.61429,                0.47192,                0.52024,                0.39072,                 1.1345,                 1.1156,                 1.0663,             2.9586e-05,             2.9586e-05,             2.9586e-05
                      3,                 1.4287,                 2.3218,                 1.3317,                0.64096,                0.47896,                0.51967,                0.38533,                 1.1474,                 1.1251,                 1.0733,             3.3782e-05,             3.3782e-05,             3.3782e-05
                      4,                 1.3397,                 2.1418,                 1.2912,                 0.6142,                0.48764,                0.51113,                0.38239,                 1.1502,                  1.125,                 1.0718,             3.0438e-05,             3.0438e-05,             3.0438e-05
                      5,                  1.353,                  1.968,                 1.2762,                0.62084,                0.48294,                0.52468,                0.38881,                 1.1571,                  1.139,                 1.0764,             1.9554e-05,             1.9554e-05,             1.9554e-05
